{"cameraMode":{"drawMode":0,"name":"Shaded","section":"Shading Mode"},"sceneLighting":false,"audioPlay":false,"sceneViewState":{"showFog":true,"showMaterialUpdate":false,"showSkybox":false,"showFlares":true,"showImageEffects":true,"showParticleSystems":true,"showVisualEffectGraphs":true,"m_FxEnabled":true},"in2DMode":false,"pivot":{"x":183.33993530273438,"y":0.22908136248588563,"z":-171.17420959472657},"rotation":{"x":-0.024071672931313516,"y":-0.6924077868461609,"z":0.022999294102191926,"w":-0.7208184599876404},"size":2.106635570526123,"orthographic":false}