{"cameraMode":{"drawMode":0,"name":"Shaded","section":"Shading Mode"},"sceneLighting":false,"audioPlay":false,"sceneViewState":{"showFog":true,"showMaterialUpdate":false,"showSkybox":false,"showFlares":true,"showImageEffects":true,"showParticleSystems":true,"showVisualEffectGraphs":true,"m_FxEnabled":true},"in2DMode":false,"pivot":{"x":-7.4638214111328129,"y":1.4824405908584595,"z":31.380802154541017},"rotation":{"x":0.08068398386240006,"y":0.584120512008667,"z":-0.059064894914627078,"w":0.8056088089942932},"size":0.5545260906219482,"orthographic":false}