{"cameraMode":{"drawMode":0,"name":"Shaded","section":"Shading Mode"},"sceneLighting":false,"audioPlay":false,"sceneViewState":{"showFog":true,"showMaterialUpdate":false,"showSkybox":false,"showFlares":true,"showImageEffects":true,"showParticleSystems":true,"showVisualEffectGraphs":true,"m_FxEnabled":true},"in2DMode":false,"pivot":{"x":-6.898648738861084,"y":1.714686632156372,"z":31.826631546020509},"rotation":{"x":0.006178006995469332,"y":0.9934670925140381,"z":-0.08033403754234314,"w":0.08208253979682923},"size":0.25452619791030886,"orthographic":false}