{"cameraMode":{"drawMode":0,"name":"Shaded","section":"Shading Mode"},"sceneLighting":false,"audioPlay":false,"sceneViewState":{"showFog":true,"showMaterialUpdate":false,"showSkybox":false,"showFlares":true,"showImageEffects":true,"showParticleSystems":true,"showVisualEffectGraphs":true,"m_FxEnabled":true},"in2DMode":false,"pivot":{"x":-21.286893844604493,"y":1.1768078804016114,"z":8.251489639282227},"rotation":{"x":0.11381304264068604,"y":-0.8948531150817871,"z":0.32557764649391177,"w":0.28383177518844607},"size":1.2247449159622193,"orthographic":false}