{"cameraMode":{"drawMode":0,"name":"Shaded","section":"Shading Mode"},"sceneLighting":true,"audioPlay":false,"sceneViewState":{"showFog":true,"showMaterialUpdate":false,"showSkybox":true,"showFlares":true,"showImageEffects":true,"showParticleSystems":true,"showVisualEffectGraphs":true,"m_FxEnabled":true},"in2DMode":false,"pivot":{"x":3.9344518184661867,"y":2.388301372528076,"z":15.100236892700196},"rotation":{"x":-0.02820323221385479,"y":0.012577764689922333,"z":-0.00043156580068171024,"w":-0.9995721578598023},"size":5.967337131500244,"orthographic":false}