{"cameraMode":{"drawMode":0,"name":"Shaded","section":"Shading Mode"},"sceneLighting":true,"audioPlay":false,"sceneViewState":{"showFog":true,"showMaterialUpdate":false,"showSkybox":true,"showFlares":true,"showImageEffects":true,"showParticleSystems":true,"showVisualEffectGraphs":true,"m_FxEnabled":true},"in2DMode":false,"pivot":{"x":-6.289060592651367,"y":-73.29161071777344,"z":224.7594451904297},"rotation":{"x":-0.18309959769248963,"y":-0.007779411040246487,"z":0.013605342246592045,"w":-0.9830115437507629},"size":110.56948852539063,"orthographic":false}