{"cameraMode":{"drawMode":0,"name":"Shaded","section":"Shading Mode"},"sceneLighting":true,"audioPlay":false,"sceneViewState":{"showFog":true,"showMaterialUpdate":false,"showSkybox":true,"showFlares":true,"showImageEffects":true,"showParticleSystems":true,"showVisualEffectGraphs":true,"m_FxEnabled":true},"in2DMode":false,"pivot":{"x":48.707244873046878,"y":19.91736602783203,"z":44.624351501464847},"rotation":{"x":0.054450392723083499,"y":-0.9208939075469971,"z":0.11652499437332154,"w":0.36813512444496157},"size":3.2999086380004885,"orthographic":false}