{"cameraMode":{"drawMode":0,"name":"Shaded","section":"Shading Mode"},"sceneLighting":true,"audioPlay":false,"sceneViewState":{"showFog":true,"showMaterialUpdate":false,"showSkybox":true,"showFlares":true,"showImageEffects":true,"showParticleSystems":true,"showVisualEffectGraphs":true,"m_FxEnabled":true},"in2DMode":false,"pivot":{"x":4.541647911071777,"y":24.389812469482423,"z":-35.61103057861328},"rotation":{"x":-0.17830723524093629,"y":0.16390909254550935,"z":-0.030000047758221628,"w":-0.9698276519775391},"size":11.890317916870118,"orthographic":false}