{"cameraMode":{"drawMode":0,"name":"Shaded","section":"Shading Mode"},"sceneLighting":true,"audioPlay":false,"sceneViewState":{"showFog":true,"showMaterialUpdate":false,"showSkybox":true,"showFlares":true,"showImageEffects":true,"showParticleSystems":true,"showVisualEffectGraphs":true,"m_FxEnabled":true},"in2DMode":false,"pivot":{"x":-12.706311225891114,"y":6.5023016929626469,"z":27.907285690307618},"rotation":{"x":0.1578071564435959,"y":0.26519638299942019,"z":-0.044368673115968707,"w":0.9502859711647034},"size":0.5660284161567688,"orthographic":false}