{"cameraMode":{"drawMode":0,"name":"Shaded","section":"Shading Mode"},"sceneLighting":true,"audioPlay":false,"sceneViewState":{"showFog":true,"showMaterialUpdate":false,"showSkybox":true,"showFlares":true,"showImageEffects":true,"showParticleSystems":true,"showVisualEffectGraphs":true,"m_FxEnabled":true},"in2DMode":false,"pivot":{"x":26.144441604614259,"y":4.35699462890625,"z":66.8377914428711},"rotation":{"x":0.021608488634228708,"y":-0.31075426936149599,"z":-0.0064774490892887119,"w":-0.9503586292266846},"size":1.7692809104919434,"orthographic":false}