{"cameraMode":{"drawMode":0,"name":"Shaded","section":"Shading Mode"},"sceneLighting":true,"audioPlay":false,"sceneViewState":{"showFog":true,"showMaterialUpdate":false,"showSkybox":true,"showFlares":true,"showImageEffects":true,"showParticleSystems":true,"showVisualEffectGraphs":true,"m_FxEnabled":true},"in2DMode":false,"pivot":{"x":53.15492248535156,"y":16.035242080688478,"z":52.58369445800781},"rotation":{"x":0.0032885584514588119,"y":0.27790194749832156,"z":0.004733084701001644,"w":0.9606359601020813},"size":1.439635992050171,"orthographic":false}