{"cameraMode":{"drawMode":0,"name":"Shaded","section":"Shading Mode"},"sceneLighting":true,"audioPlay":false,"sceneViewState":{"showFog":true,"showMaterialUpdate":false,"showSkybox":true,"showFlares":true,"showImageEffects":true,"showParticleSystems":true,"showVisualEffectGraphs":true,"m_FxEnabled":true},"in2DMode":false,"pivot":{"x":5.232167720794678,"y":5.589290618896484,"z":89.10098266601563},"rotation":{"x":0.0002954537339974195,"y":0.12745395302772523,"z":-0.00005673956547980197,"w":0.9918688535690308},"size":5.284063339233398,"orthographic":false}